	G	U	U	C	U	U	A	U	C	A	A	G	A	G	A	A	G	C	A	G	A	G	G	G	A	C	U	G	G	C	C	C	G	A	C	G	A	A	G	C	U	U	C	A	G	C	A	A	C	C	G	G	U	G	U	A	A	U	G	G	C	G	A	A	A	G	C	C	A	U	G	A	C	C	A	A	G	G	U	G	C	U	A	A	A	U	C	C	A	G	C	A	A	G	C	U	C	G	A	A	C	A	G	C	U	U	G	G	A	A	G	A	U	A	A	G	A	A	C
G	16	[<41>]	23	24	17	20	13	15	13	7	8	6	5	12	10	11	10	9	3	2	1	9	14	10	5	10	11	5	8	12	16	6	3	1	3	8	8	11	16	14	11	11	10	9	9	9	8	7	13	9	8	7	5	3	11	9	6	8	6	13	4	4	3	2	3	8	9	7	11	4	15	15	11	9	8	3	9	5	12	12	14	7	7	7	8	7	9	21	9	14	10	11	12	10	7	4	4	4	2	4	7	6	8	7	7	8	10	10	18	23	21	16	16	13	11	7	9	8	4
G	16	19	[<55>]	25	21	20	21	18	21	6	5	8	4	11	11	11	12	12	7	6	3	8	15	12	6	10	13	8	7	13	16	8	7	2	2	9	8	8	11	17	12	12	11	12	13	13	8	6	6	10	8	13	6	2	8	8	8	7	14	11	6	5	3	2	3	9	10	12	9	8	14	12	10	11	8	2	11	10	7	11	12	12	2	5	4	10	13	13	16	13	10	15	11	12	10	5	6	3	5	3	5	6	9	9	12	10	12	13	11	20	23	21	15	15	16	13	8	10	7
C	14	17	23	[<53>]	27	22	20	24	18	6	6	7	4	7	10	13	13	13	6	4	3	10	14	13	6	8	11	12	9	15	12	10	7	5	4	7	9	10	12	12	18	17	11	10	15	11	13	4	14	11	12	8	9	4	9	8	7	12	14	14	7	3	4	5	4	12	15	11	12	7	15	17	16	14	11	3	7	10	10	12	16	17	5	8	6	10	15	15	17	14	9	15	15	14	13	7	8	2	6	5	6	2	6	9	13	10	15	21	15	16	28	20	18	15	16	14	13	9	10
U	14	14	22	30	[<53>]	23	22	20	24	2	4	7	5	13	12	12	15	11	10	3	4	6	16	14	11	11	12	8	11	16	16	9	9	6	6	9	11	13	14	15	13	17	16	12	15	16	12	8	10	10	11	8	11	3	4	8	11	13	11	12	10	7	4	6	5	8	9	12	11	12	16	15	16	17	11	1	10	5	14	18	16	15	5	6	5	16	8	17	18	16	8	15	16	14	10	11	9	3	5	3	9	5	11	12	15	11	16	17	19	23	20	18	22	18	18	15	16	13	9
U	11	18	14	21	28	[<55>]	24	26	29	4	6	7	12	9	10	17	14	14	10	7	2	7	13	11	11	9	10	9	10	13	14	9	9	4	4	11	12	11	18	15	14	19	15	12	13	11	15	17	13	12	9	14	12	5	6	13	11	11	12	11	10	10	3	8	3	7	8	11	13	10	15	16	11	17	13	4	9	7	12	20	18	17	6	7	9	17	10	13	20	15	8	10	12	17	13	10	12	6	6	5	6	4	7	12	12	12	12	19	14	24	25	16	18	17	17	17	16	18	15
A	15	19	20	12	18	24	[<53>]	25	24	2	8	7	15	14	9	9	14	12	13	8	9	11	14	12	4	15	12	9	8	17	17	14	14	7	2	6	10	17	12	18	13	16	19	21	10	13	14	14	17	8	18	10	9	7	5	9	14	14	10	11	8	9	4	6	3	7	12	12	10	13	17	15	11	14	13	4	10	4	10	15	19	17	12	9	7	15	7	13	16	21	15	13	15	13	10	10	11	5	11	6	10	5	11	9	13	13	16	21	24	28	27	24	21	23	22	26	19	16	16
U	13	19	15	20	17	20	24	[<54>]	30	4	10	13	8	14	13	9	11	12	18	11	9	7	23	17	7	10	12	13	9	12	13	16	11	6	6	10	6	9	15	13	19	14	19	15	14	10	18	11	9	12	18	14	9	5	3	6	13	9	10	11	9	8	3	5	3	6	9	14	16	12	10	10	11	11	12	3	9	10	10	13	16	16	6	9	6	19	10	13	13	15	9	11	12	17	11	9	11	5	7	5	8	7	11	14	10	13	16	18	20	25	28	21	17	24	24	21	18	15	12
C	15	19	22	17	18	23	28	29	[<59>]	6	7	8	12	11	9	11	13	13	11	13	8	11	12	14	7	13	12	9	9	17	16	15	12	11	3	10	11	11	15	17	11	14	14	14	14	14	18	23	15	8	17	10	10	10	12	8	11	9	6	11	10	9	2	5	2	6	10	12	17	11	13	13	13	15	11	9	10	4	11	8	23	26	6	5	8	21	8	19	18	15	8	9	10	16	13	10	9	1	11	6	7	7	10	16	22	12	15	21	17	25	23	31	23	21	23	20	18	15	12
A	7	5	5	6	4	6	10	8	8	[<41>]	1	3	10	11	9	7	4	5	4	2	3	3	12	10	8	7	1	5	5	5	2	3	2	3	10	3	7	2	2	10	3	1	4	7	6	15	1	2	2	3	6	6	3	4	14	7	2	1	2	1	6	1	1	1	5	2	5	4	4	8	9	4	10	12	12	9	5	5	10	4	7	9	13	4	14	5	6	1	1	2	5	4	6	6	2	6	2	4	1	2	3	10	5	2	4	4	5	4	2	7	10	7	7	5	3	5	3	3	4
A	5	6	6	7	6	8	11	9	12	5	[<48>]	13	4	2	5	5	3	4	4	3	4	9	8	13	9	11	16	7	7	12	6	10	1	1	4	2	4	13	6	6	4	6	3	6	6	6	5	4	8	6	11	4	4	1	4	3	7	4	5	5	5	1	2	2	4	3	9	9	5	4	4	7	4	3	3	3	9	9	12	9	18	4	9	9	9	7	7	6	7	5	5	3	5	3	3	2	2	2	3	3	3	6	3	4	3	5	3	4	3	5	9	7	13	19	14	8	6	2	1
G	6	6	8	5	6	11	8	9	7	7	18	[<47>]	20	6	2	4	5	7	5	5	9	7	13	5	12	7	6	10	13	5	9	5	9	3	4	3	9	7	10	6	4	3	5	5	6	6	8	7	16	8	7	4	2	4	4	4	6	5	5	3	7	2	2	3	5	5	3	12	12	4	2	4	4	6	3	3	6	12	6	9	11	9	12	19	4	11	12	3	6	7	11	7	9	3	3	3	3	3	3	3	3	3	3	3	4	3	4	4	5	4	4	4	15	15	10	13	5	7	7
A	4	5	5	6	6	9	12	11	11	3	12	10	[<54>]	13	5	3	4	7	6	6	10	12	4	10	11	5	4	8	8	7	9	6	12	4	4	3	11	5	6	10	4	4	3	4	5	18	9	9	15	12	8	6	3	5	7	5	5	8	4	2	5	4	1	3	10	7	6	3	7	10	4	3	4	7	5	2	12	7	8	5	7	11	10	8	8	13	16	5	8	6	8	7	4	3	3	3	4	1	4	4	12	6	8	4	5	9	4	5	7	6	6	9	9	6	6	11	9	8	6
G	9	7	8	16	11	10	14	11	10	7	10	7	7	<43>	[14]	8	11	3	2	4	9	20	8	9	12	8	9	10	4	6	9	9	9	7	2	11	24	9	12	9	15	7	5	12	14	12	9	5	10	6	13	13	13	8	6	9	13	10	4	7	4	2	4	5	7	17	7	5	5	1	6	11	12	8	5	5	15	7	8	10	11	19	5	6	4	16	13	7	6	13	13	10	5	4	4	3	3	2	2	9	7	4	8	11	7	8	9	8	10	10	11	9	5	10	8	4	8	9	7
A	2	4	4	3	4	5	10	4	4	3	8	2	7	2	<3>	7	3	5	5	6	3	2	6	7	4	6	3	10	2	2	3	3	3	5	5	2	4	2	3	2	2	4	4	7	1	5	2	4	2	2	7	2	3	4	8	7	1	1	1	2	2	2	5	1	4	2	1	1	4	2	6	2	4	5	3	3	6	3	7	5	4	2	7	8	9	1	6	5	4	1	2	3	5	3	3	2	2	1	1	2	3	7	2	2	3	5	3	2	3	2	3	7	5	4	1	8	2	1	[3]
G	8	8	8	9	9	9	15	11	14	4	8	4	8	16	12	[<28>]	10	6	3	2	18	10	9	4	9	7	14	7	6	10	11	7	7	3	3	7	10	6	11	8	8	8	9	9	10	14	12	6	23	7	14	10	11	5	2	9	7	10	10	7	4	2	1	13	3	11	8	10	6	5	11	10	8	6	3	1	17	10	3	14	13	13	5	11	4	11	13	9	10	23	18	16	9	9	6	3	2	2	3	7	7	3	11	8	7	8	17	20	5	10	16	11	9	11	8	9	7	9	6
G	10	10	10	12	12	13	13	11	9	4	4	7	7	14	13	28	[<30>]	10	11	8	6	10	13	8	8	5	10	15	9	10	10	11	8	6	2	7	9	7	8	12	11	8	9	8	14	12	14	8	25	14	12	9	10	4	2	11	8	10	12	10	9	8	7	3	5	8	10	11	10	9	10	10	8	12	8	5	10	14	6	10	12	15	8	4	4	12	14	13	11	20	13	16	14	16	9	8	2	3	6	6	8	3	8	7	9	10	12	14	13	9	14	11	15	10	8	12	10	10	9
U	6	7	10	11	12	17	12	10	8	3	7	9	5	9	11	17	34	[<34>]	11	6	4	6	9	11	8	5	8	8	11	8	11	8	8	7	1	4	4	6	6	8	9	10	8	10	10	12	12	9	8	16	10	14	6	3	3	6	8	9	9	9	9	7	6	8	6	7	8	10	10	10	16	10	9	10	16	7	4	13	9	13	10	9	7	6	2	12	6	15	16	14	10	13	19	17	16	12	8	8	6	5	5	5	10	8	9	12	13	14	11	12	9	12	10	12	11	10	11	9	9
G	4	3	8	8	10	14	10	17	12	5	4	5	5	9	7	6	15	25	[<32>]	13	6	6	4	13	4	5	8	9	9	10	12	10	9	6	3	3	5	4	6	6	9	11	18	10	8	6	12	18	8	4	17	10	8	10	2	8	8	10	6	8	7	11	5	6	3	5	4	6	7	10	12	6	8	14	12	5	7	8	7	12	10	10	3	5	1	5	5	9	9	12	10	8	9	10	10	13	13	8	7	5	6	6	6	8	12	13	11	11	13	15	12	10	13	12	15	11	10	11	12
G	1	3	5	5	8	10	6	10	9	4	2	5	7	6	9	10	3	7	30	[<30>]	4	2	5	9	7	7	7	6	5	6	9	9	5	5	4	5	4	6	7	5	7	7	11	8	8	7	11	17	7	5	7	13	7	12	3	8	8	4	5	3	4	7	2	4	3	5	7	5	5	5	7	6	4	12	11	6	5	5	8	6	12	8	4	5	4	3	7	5	6	7	5	3	6	10	6	9	8	6	7	3	3	5	5	6	6	5	8	6	8	9	12	8	7	10	11	12	8	8	3
A	2	2	2	2	7	5	18	10	10	5	8	5	9	9	6	8	8	3	4	7	[<32>]	6	1	3	5	9	3	7	2	2	4	5	9	13	3	5	14	5	4	1	5	8	9	11	11	7	6	10	14	3	11	6	7	8	1	14	11	2	4	4	2	5	3	8	5	2	2	4	4	5	2	1	4	5	9	3	16	8	6	8	7	8	6	3	4	13	7	7	5	14	9	5	3	3	4	4	5	6	6	10	6	2	8	10	14	11	10	12	8	6	8	6	9	13	10	5	9	4	9
G	13	16	8	9	5	16	7	11	7	6	6	6	12	14	17	8	9	6	4	3	9	[<43>]	7	6	11	5	7	5	10	6	10	5	13	7	7	7	22	10	9	4	10	5	10	9	5	14	9	4	20	10	11	5	10	9	7	11	14	10	6	6	9	3	4	2	12	5	6	7	7	6	7	7	6	7	5	2	12	15	11	8	10	5	8	8	3	8	8	7	10	14	14	9	7	2	3	4	2	5	4	5	10	3	8	5	10	10	22	17	11	14	9	8	12	6	4	7	6	7	4
G	9	18	19	13	22	12	22	19	17	8	5	9	14	17	13	12	9	10	7	3	9	8	[<52>]	17	14	8	13	13	8	12	10	11	10	4	7	6	8	8	8	9	10	7	12	11	14	19	12	9	19	16	8	12	10	4	4	6	5	9	8	8	6	4	2	5	4	6	9	13	14	8	9	14	10	12	10	6	10	7	7	17	12	12	8	11	8	13	9	12	12	14	9	14	12	9	7	6	4	2	5	5	6	5	9	8	11	9	6	12	10	14	23	12	14	17	13	18	8	10	6
G	2	10	9	11	7	19	11	24	17	8	12	12	7	9	10	10	12	10	13	7	5	4	11	[<60>]	5	9	17	8	7	14	15	15	7	4	1	6	3	6	7	8	7	8	10	8	12	8	22	7	10	10	9	6	8	6	3	4	7	6	9	11	9	6	1	3	4	4	12	9	9	11	4	7	6	9	15	11	2	5	7	5	10	15	6	6	3	18	8	9	7	10	8	8	11	9	7	8	3	2	5	5	3	7	5	8	12	9	10	5	6	10	8	16	15	23	17	9	11	7	7
A	5	4	7	8	12	9	11	17	7	2	12	7	17	5	7	7	5	3	5	3	7	8	13	11	[<63>]	13	16	6	4	7	8	11	5	6	4	5	14	8	7	6	11	6	5	7	10	13	16	5	30	10	11	6	7	5	6	7	4	2	7	3	3	2	4	5	6	5	4	6	13	9	7	9	5	8	4	15	8	7	5	18	13	3	7	11	5	7	14	10	12	13	13	19	6	6	3	3	3	2	2	2	1	6	5	4	7	4	7	7	8	9	10	8	18	16	10	7	5	2	5
C	6	9	13	9	15	13	15	13	23	3	15	15	7	6	6	9	6	6	7	5	6	6	9	17	6	[<56>]	13	9	11	9	14	11	3	1	5	5	5	17	9	16	6	8	8	8	11	12	11	9	13	9	8	8	7	5	5	5	7	8	6	9	8	2	2	3	3	11	10	10	9	8	9	9	10	8	12	8	7	4	10	10	19	8	8	8	4	8	10	10	11	13	7	9	7	8	6	4	4	2	3	4	7	5	8	8	7	8	8	6	10	11	12	12	15	23	12	11	14	7	4
U	8	11	10	14	8	8	13	13	13	5	18	7	15	9	8	7	7	4	6	8	4	11	9	12	10	10	[<51>]	15	13	13	14	13	8	9	2	3	8	12	14	8	15	9	9	11	9	7	20	11	11	9	14	13	11	8	2	9	11	14	13	9	4	5	3	2	9	9	11	12	14	7	6	7	8	9	9	4	7	4	7	11	12	12	5	4	3	9	8	9	7	15	7	8	6	6	7	4	3	5	9	6	7	11	10	8	8	13	10	10	7	17	13	17	15	18	18	10	12	7	8
G	7	11	8	8	9	9	15	12	7	5	7	9	7	10	5	9	9	6	8	6	10	8	12	9	8	7	10	[<47>]	13	7	9	12	7	8	2	7	7	13	10	8	9	12	12	15	13	7	15	7	11	10	10	8	10	10	2	11	12	8	8	10	7	5	4	7	6	8	10	10	11	6	6	5	7	12	5	5	6	8	10	11	10	8	7	4	6	11	9	6	13	11	8	9	6	7	6	9	4	4	9	14	5	4	13	7	8	9	13	9	7	11	13	14	15	10	16	15	11	12	5
G	10	9	10	7	8	10	11	11	10	9	6	5	11	8	7	7	8	10	6	5	4	8	10	11	6	6	5	19	[<47>]	16	9	11	7	7	4	4	10	13	9	10	12	11	10	7	10	12	11	9	14	7	9	10	7	7	1	10	12	11	9	13	6	5	3	3	10	6	10	13	7	9	6	6	5	10	15	3	8	18	9	10	10	7	11	8	4	10	7	10	7	12	8	12	7	8	7	7	4	6	7	8	6	1	10	11	9	12	10	14	12	10	9	14	16	11	12	13	16	12	7
C	12	12	10	15	12	17	18	13	13	7	4	6	8	12	11	15	14	10	11	5	3	13	8	13	9	10	15	7	16	[<51>]	19	12	10	1	1	2	6	8	8	11	17	11	11	15	11	11	13	10	13	15	8	9	9	4	4	11	9	13	17	8	10	6	3	7	4	10	12	15	17	13	10	13	8	8	5	3	11	6	18	12	15	13	7	8	4	8	6	10	14	11	10	8	12	12	11	8	6	7	8	5	10	1	10	8	10	13	12	10	14	20	13	14	18	14	13	20	14	12	7
C	9	11	17	17	14	22	20	23	20	1	11	7	10	10	12	14	12	20	11	5	6	6	11	9	13	9	12	13	10	21	[<63>]	19	8	5	2	2	6	10	8	13	17	18	14	13	10	10	11	9	15	13	19	16	12	7	5	9	14	13	12	15	9	7	3	6	3	7	16	12	16	14	12	15	12	10	12	6	9	6	13	11	16	17	2	12	6	13	10	16	13	20	12	10	15	15	13	9	9	3	6	6	8	3	13	9	15	13	17	13	11	17	17	17	17	20	18	15	21	19	13
C	8	9	13	9	10	13	16	22	17	3	12	9	7	10	16	8	12	9	10	13	9	7	9	15	5	8	11	8	9	15	18	[<50>]	18	6	4	1	5	3	8	8	11	17	17	10	14	12	14	7	9	16	9	9	9	10	7	8	11	9	9	10	8	9	2	8	3	6	10	10	7	9	13	16	10	11	6	5	4	6	9	13	12	13	3	4	3	13	10	10	8	10	8	9	12	12	7	9	11	4	8	5	6	6	9	7	12	12	12	12	10	10	14	14	12	18	17	17	12	14	9
G	5	6	8	7	11	8	16	17	10	2	7	10	9	10	10	11	11	7	5	6	8	5	15	9	10	10	9	5	6	6	6	11	[<51>]	8	10	8	4	8	5	7	9	14	10	15	12	11	9	7	7	12	14	5	9	9	6	8	9	6	8	8	8	5	1	6	9	6	5	6	13	8	9	4	10	11	10	8	5	8	6	7	12	7	7	5	3	12	10	11	9	13	6	6	9	9	7	8	6	3	5	5	9	6	12	5	6	12	11	10	10	11	7	6	11	8	13	11	9	11	8
A	6	7	7	7	5	11	10	9	9	4	3	6	11	9	9	8	4	3	2	4	6	8	3	5	6	6	2	7	3	4	4	4	7	[<33>]	4	12	15	8	6	8	7	3	14	9	7	6	6	11	6	13	5	7	13	8	3	8	7	8	2	6	7	2	4	8	6	4	5	6	7	8	8	6	6	4	7	12	8	5	4	6	6	9	6	4	3	10	4	8	14	12	7	7	6	6	8	10	3	4	4	8	6	6	6	5	7	13	9	14	16	11	4	9	12	7	3	8	2	4	7
U	2	2	6	4	4	5	6	4	4	11	4	4	3	3	4	3	1	6	4	4	2	3	4	2	11	5	2	2	6	4	2	6	5	2	[<28>]	3	1	2	5	6	6	7	6	5	2	2	3	3	4	7	5	4	2	5	6	4	2	5	3	2	3	2	6	2	2	3	4	1	4	6	7	5	6	7	7	3	6	5	5	4	5	5	7	2	5	2	7	5	5	9	5	6	4	3	1	2	2	3	2	2	3	6	4	3	6	7	6	4	6	4	5	5	1	4	5	3	1	2	4
G	2	5	6	5	8	4	7	9	10	4	3	1	1	6	7	8	7	3	5	6	4	5	7	12	5	7	6	5	5	3	3	3	4	9	8	[<38>]	7	5	6	6	4	1	3	5	7	7	4	7	7	9	6	10	10	5	6	4	4	4	2	2	1	2	2	2	4	2	4	8	4	5	5	7	5	11	10	10	6	4	7	6	4	6	3	7	7	13	12	9	15	6	5	8	5	5	4	6	6	2	1	2	3	5	7	6	8	5	11	8	6	10	8	9	4	9	8	3	4	3	4
A	9	7	10	9	10	7	11	9	9	8	8	8	8	13	7	6	5	5	3	2	11	11	6	4	7	8	9	9	7	5	6	6	7	7	4	10	[<47>]	12	14	12	7	6	9	13	14	11	5	8	8	7	9	6	7	7	4	12	9	8	9	5	3	5	6	5	4	6	5	3	4	4	8	7	9	9	9	9	15	9	9	7	4	9	3	7	4	7	10	8	5	9	6	10	5	5	2	6	6	6	5	8	4	4	9	7	11	10	13	20	9	14	11	13	12	10	12	6	5	4	9
A	5	12	8	12	11	8	8	8	8	2	7	12	7	12	7	9	7	4	3	5	5	11	11	5	9	11	7	9	17	6	5	8	5	5	5	8	14	[<44>]	24	12	11	14	12	11	17	10	11	11	19	7	9	9	12	9	8	11	9	10	8	7	6	2	5	4	9	7	8	10	4	4	6	6	5	9	6	3	14	10	6	8	14	6	10	8	5	11	11	10	9	10	9	8	8	6	6	4	3	6	5	15	6	6	13	14	12	16	13	15	14	13	10	11	11	13	12	11	6	3	3
A	12	11	9	13	12	11	9	11	14	3	7	6	7	9	11	9	6	9	4	6	5	10	10	10	9	7	10	10	11	15	9	6	6	6	3	4	13	11	[<46>]	19	14	10	11	12	10	12	13	15	9	14	14	13	11	8	2	12	11	7	9	13	8	5	4	4	3	9	9	14	7	4	9	6	7	8	5	5	13	4	15	18	14	17	5	5	2	15	14	10	13	9	9	10	11	7	5	4	5	5	5	8	9	3	11	8	14	15	21	9	13	18	12	14	14	14	11	12	9	10	3
C	15	16	10	12	12	10	11	12	11	3	5	4	8	11	13	15	10	8	6	7	2	8	13	7	4	10	14	14	11	13	15	9	4	7	2	5	15	15	17	[41]	<42>	14	11	10	13	15	17	11	18	10	11	17	13	7	7	13	13	12	11	10	7	3	3	4	2	8	15	11	11	6	13	12	8	11	12	10	10	8	9	15	17	13	8	7	6	10	13	24	15	13	11	14	13	13	9	6	4	6	5	8	7	4	13	14	12	15	17	21	18	17	19	21	20	17	11	11	11	9	4
C	13	15	14	14	17	17	13	15	17	2	6	9	7	11	9	11	11	13	9	6	3	5	12	8	7	8	11	13	15	12	14	15	11	12	3	4	11	16	22	22	[39]	<43>	18	19	14	14	19	13	13	14	13	10	13	11	3	15	16	11	11	10	11	9	4	4	3	11	12	13	13	10	12	9	12	15	8	6	9	7	14	11	13	14	4	4	5	14	10	17	20	16	11	15	15	13	10	11	6	5	7	10	14	1	13	17	22	22	22	17	21	18	21	19	16	16	14	12	11	22	9
C	10	14	15	12	16	17	20	19	17	4	5	4	3	9	8	9	12	11	12	6	2	10	10	5	4	8	9	10	13	16	13	12	7	8	5	2	14	17	21	16	20	[38]	<47>	15	15	10	14	11	11	14	14	8	8	8	6	10	13	13	9	16	19	12	3	6	4	9	7	11	9	9	14	8	9	11	11	2	12	11	14	20	10	11	2	8	4	14	9	14	14	21	11	10	11	11	10	9	10	7	7	9	10	1	12	12	14	18	19	19	19	22	19	19	15	17	13	12	14	11	15
G	15	14	17	17	11	12	13	14	12	2	7	8	6	12	9	13	9	7	7	10	6	10	7	4	8	9	18	13	11	10	14	12	12	10	2	4	19	15	16	12	18	19	26	[<48>]	15	10	15	14	13	10	12	15	10	10	9	16	13	11	13	13	5	7	4	2	12	9	14	7	7	6	9	13	10	10	7	7	11	11	13	17	15	10	6	6	5	5	11	13	12	13	10	7	10	11	6	7	6	3	9	8	10	5	8	12	12	12	18	21	18	17	24	23	13	18	10	11	9	11	7
G	21	16	19	21	16	15	20	16	16	4	8	11	11	12	8	10	11	10	6	5	3	12	13	6	7	5	16	16	13	11	11	11	9	4	4	5	17	16	15	16	20	18	12	20	[<46>]	14	13	12	14	9	14	10	10	11	5	11	11	7	10	12	8	6	5	2	7	11	9	15	11	6	16	13	13	16	14	4	10	6	9	12	18	14	3	10	5	10	11	19	15	15	9	14	11	8	10	5	3	5	8	7	8	8	13	15	14	15	15	17	17	16	24	25	15	16	16	9	13	11	7
C	12	18	13	19	21	20	15	12	17	8	5	8	13	20	15	10	9	9	10	7	8	8	20	9	10	5	7	12	14	12	11	14	8	11	3	2	13	8	12	11	11	16	14	11	20	[<42>]	15	8	12	10	11	10	6	1	3	8	13	10	6	13	8	7	3	5	4	7	9	14	11	10	10	10	13	13	9	3	12	8	12	13	14	20	8	8	9	17	10	15	18	16	10	9	12	11	7	6	4	3	9	6	12	5	8	11	15	16	14	12	15	16	18	16	23	17	17	23	10	13	9
A	6	9	15	11	19	16	19	25	20	3	7	5	13	11	12	13	10	13	12	4	9	6	19	26	6	12	16	9	11	12	10	9	14	5	4	2	4	9	8	10	11	10	14	11	12	18	[<46>]	14	11	14	13	8	6	5	3	5	9	11	10	10	10	8	3	5	5	4	8	15	11	10	9	9	9	12	12	5	7	6	8	13	16	24	6	3	6	12	15	9	15	14	7	11	9	16	15	9	7	4	6	9	5	7	9	9	11	10	13	8	7	18	16	14	14	13	20	13	15	16	12
A	1	4	6	13	5	8	17	13	16	6	8	9	12	6	8	7	8	10	16	12	4	3	9	17	9	5	9	7	8	10	10	5	6	6	2	3	3	3	4	3	9	10	6	5	7	9	20	[<47>]	6	10	12	6	6	2	5	2	3	5	4	4	5	10	4	2	2	3	3	3	9	9	9	9	10	7	9	10	5	6	10	13	18	18	3	6	4	13	3	12	11	9	5	6	6	11	8	7	8	5	5	5	4	1	2	4	9	7	5	7	13	11	10	7	7	10	11	12	11	10	11
C	8	12	9	10	13	9	8	13	17	5	7	10	16	11	12	14	9	9	7	5	12	10	12	11	20	9	17	11	10	8	14	7	9	4	5	4	10	11	7	11	9	8	7	5	10	20	13	6	[<66>]	12	15	13	8	5	3	4	6	11	13	7	8	4	3	5	7	9	13	12	9	7	6	10	6	8	7	6	11	10	13	11	15	13	7	12	2	8	15	14	18	25	16	17	18	10	8	4	2	2	2	4	5	4	6	9	6	9	12	14	12	6	8	9	21	16	11	10	7	6	8
C	5	8	12	13	10	15	18	14	10	5	6	11	10	9	9	16	10	15	7	5	4	7	14	11	9	14	12	8	10	9	14	12	5	5	3	9	10	8	9	8	12	7	10	10	11	7	10	10	22	[<54>]	10	9	10	4	4	3	8	8	8	11	5	7	4	4	7	8	7	11	10	11	11	8	9	8	8	4	12	10	16	19	15	8	8	8	6	12	15	13	20	18	18	15	17	17	11	6	3	3	3	3	5	5	7	7	10	10	12	8	12	12	12	14	16	13	17	12	10	7	8
A	4	7	8	8	9	15	14	9	7	5	7	9	8	5	8	8	11	12	6	6	8	6	9	10	6	12	8	8	6	9	13	7	7	5	3	5	3	3	5	10	7	9	7	9	10	7	8	8	14	16	<16>	10	10	2	6	2	6	9	9	6	[10]	5	3	4	5	3	6	7	9	11	10	6	10	12	8	6	9	11	13	10	10	8	9	4	3	10	8	11	10	8	9	18	18	10	15	9	6	6	5	4	5	4	4	12	8	8	11	14	12	8	9	9	13	13	11	11	13	10	9
G	1	2	5	6	10	7	6	8	10	2	3	4	9	3	6	5	8	11	9	10	8	4	2	8	10	10	4	7	4	9	9	8	9	9	3	2	5	5	3	5	7	8	11	5	8	10	7	15	5	8	14	<15>	9	6	11	9	6	5	5	5	5	[12]	4	4	3	2	4	6	13	9	6	4	3	7	11	14	6	6	10	11	14	6	2	4	4	2	5	10	8	11	4	6	6	13	11	8	12	5	7	6	4	2	11	5	6	5	6	6	8	11	7	13	11	10	6	6	10	7	7
A	3	5	4	4	5	8	4	5	7	4	2	2	4	7	3	8	6	7	7	6	5	3	5	1	4	4	6	4	5	5	7	3	4	9	3	4	5	5	3	6	4	8	5	5	10	6	6	5	4	8	7	6	5	3	1	5	6	<8>	6	5	6	6	[9]	8	1	6	5	4	2	6	7	5	3	5	8	7	4	6	4	14	6	6	2	2	3	3	2	7	6	7	5	6	5	8	11	10	11	11	5	2	3	1	3	4	5	6	5	6	4	8	12	7	6	9	6	7	5	4	7
A	3	10	11	5	3	7	10	8	7	1	5	4	7	6	3	7	10	8	8	3	10	5	4	4	9	5	6	6	6	5	8	6	7	7	3	2	6	7	7	5	9	8	13	13	15	15	6	9	7	8	10	6	8	7	3	5	8	6	<14>	6	10	5	3	[9]	5	3	4	6	10	4	2	5	3	4	8	7	6	5	3	10	7	9	4	5	2	9	5	8	9	8	5	6	9	5	8	6	3	4	11	9	5	4	4	6	14	10	6	7	12	9	7	9	11	5	9	5	7	8	8
A	3	3	5	3	4	3	6	4	4	2	5	7	10	3	5	5	5	4	4	5	12	7	3	2	4	5	4	8	7	4	5	7	9	9	3	3	3	6	6	6	7	8	11	11	12	9	13	5	10	11	7	5	5	7	2	10	9	6	7	<10>	3	3	2	2	[8]	5	3	5	4	6	5	2	3	5	6	2	7	11	5	7	6	8	5	6	3	5	6	5	5	8	3	2	5	4	2	6	6	3	7	11	9	1	8	8	4	12	11	9	9	7	6	4	7	4	5	9	8	6	5
U	14	10	6	13	12	12	10	6	12	1	3	5	3	11	11	10	7	6	6	6	2	9	8	3	5	5	10	10	10	9	12	6	2	11	3	4	15	16	21	14	16	15	13	13	11	12	11	7	14	10	12	14	6	6	6	9	11	8	11	11	4	4	4	2	6	[12]	<16>	9	7	5	9	7	7	7	5	6	12	7	11	12	9	8	4	4	2	15	9	11	11	14	11	11	10	6	4	7	7	2	5	9	14	2	14	14	19	14	21	16	12	9	14	11	10	13	10	7	8	10	4
G	11	8	11	8	12	15	13	11	9	4	7	7	3	13	9	10	6	6	5	8	7	14	8	6	5	8	8	12	17	13	14	8	5	10	3	8	9	15	13	12	18	14	15	16	12	12	13	6	15	12	10	15	10	5	3	13	12	8	13	10	4	5	3	6	6	6	12	13	9	9	9	9	10	12	9	7	[<38>]	12	11	14	12	13	6	7	1	14	10	9	10	18	12	10	9	11	8	7	6	3	3	5	8	2	15	13	12	21	19	21	15	13	18	18	12	11	14	9	11	8	6
G	15	11	9	9	7	7	9	13	7	5	11	3	5	11	10	7	11	11	5	4	6	11	8	10	7	3	7	8	15	11	6	8	5	9	9	4	11	10	12	11	15	14	16	18	12	8	9	6	11	14	9	9	8	3	8	7	17	11	13	10	7	5	2	6	3	4	8	13	8	7	9	8	9	11	8	4	9	[<51>]	22	16	11	9	10	10	3	11	12	16	8	11	11	15	11	8	9	4	4	4	5	7	6	1	9	15	17	17	12	15	19	11	14	19	15	13	12	11	7	8	6
U	12	15	14	12	15	17	20	14	13	4	11	5	4	13	10	10	7	10	6	6	7	6	12	7	8	8	11	8	13	14	18	8	14	5	8	10	11	10	9	15	13	18	16	14	9	13	14	7	15	13	10	5	9	4	7	13	8	8	7	8	10	8	5	5	3	7	10	11	15	8	11	12	8	14	10	10	11	10	[<57>]	15	14	8	5	4	7	9	12	17	15	15	8	12	12	10	9	10	9	3	8	6	9	4	9	15	13	21	16	9	17	19	18	20	16	14	23	13	9	7	10
G	9	13	17	13	17	14	18	24	11	3	12	8	8	9	11	10	10	7	6	9	3	8	15	13	14	13	11	12	12	13	14	17	8	7	7	7	9	13	16	12	16	15	15	12	9	8	12	10	15	15	17	16	6	6	6	16	9	7	9	7	7	8	4	5	5	8	13	11	9	7	12	13	10	8	13	5	15	11	13	[<49>]	25	18	6	16	8	12	13	14	11	17	12	12	11	8	10	11	3	3	7	6	11	6	13	15	10	12	12	15	14	22	21	21	24	15	20	14	10	8	5
C	9	12	12	17	19	19	25	20	23	7	14	12	9	14	14	10	14	10	6	8	12	7	10	8	9	24	16	13	12	14	16	17	12	7	1	5	6	13	10	14	12	14	10	13	14	13	14	14	17	12	20	15	13	3	6	13	13	12	10	12	10	4	3	3	2	9	10	16	16	13	14	12	11	11	10	4	18	8	11	15	[<61>]	24	7	13	8	14	14	16	17	18	8	10	13	9	15	10	4	3	7	8	10	6	14	9	12	12	13	10	14	13	25	15	18	24	21	23	14	14	7
C	6	7	10	15	18	17	18	23	24	6	12	11	7	9	9	11	11	12	17	9	7	5	11	17	11	6	16	10	12	10	20	11	13	9	2	5	7	4	11	11	11	13	16	9	18	18	26	15	12	12	15	9	10	3	8	10	8	10	7	12	11	7	2	4	3	6	17	11	15	11	8	7	8	18	21	6	8	10	8	12	17	[<63>]	10	10	3	24	11	10	17	18	6	10	11	14	10	11	5	2	8	9	12	3	7	9	11	14	17	14	15	18	23	18	18	17	19	21	18	12	13
A	4	5	5	3	4	5	11	8	7	10	8	14	18	5	5	7	4	3	5	3	5	3	6	6	6	10	10	6	9	6	3	7	2	3	4	5	7	10	6	7	4	3	3	4	3	5	4	6	8	5	6	6	3	6	2	4	3	3	7	2	5	2	3	2	11	2	7	6	5	8	3	8	5	4	9	3	9	14	13	7	3	10	[<68>]	15	14	12	9	9	5	6	5	6	2	4	8	4	1	3	3	2	4	4	7	7	3	3	4	7	3	10	8	9	8	10	8	6	5	3	1
A	5	4	4	6	7	14	5	10	9	9	12	14	11	5	5	10	4	4	8	3	7	4	17	6	7	3	4	9	17	8	10	6	8	6	5	6	5	13	4	7	5	9	6	6	6	4	7	4	8	8	4	4	4	5	3	3	4	5	4	4	5	5	1	1	6	3	4	11	4	4	6	4	6	6	5	3	11	15	7	10	12	7	13	[<61>]	7	7	8	10	7	3	4	5	4	4	3	3	3	1	4	5	4	5	3	5	9	5	6	4	9	6	9	6	8	12	15	11	4	3	3
U	7	11	8	5	7	10	11	6	10	9	4	7	7	5	4	2	4	3	2	2	2	3	7	4	9	8	5	3	1	4	4	4	3	2	3	9	4	4	1	4	4	3	2	4	4	6	5	7	2	8	6	6	6	5	13	2	1	1	1	3	2	2	3	1	2	2	10	4	8	7	8	13	12	8	4	5	3	5	10	3	9	10	13	8	[<58>]	11	6	10	3	3	7	3	2	4	6	3	2	2	1	1	4	13	6	2	2	6	7	7	10	11	13	12	9	2	6	6	2	5	1
U	8	12	10	11	10	16	16	13	14	3	6	11	12	10	8	12	12	11	8	2	16	8	12	17	13	8	7	8	9	9	10	12	15	14	1	8	14	8	14	12	13	14	12	14	20	18	14	12	15	11	12	13	10	7	7	5	9	10	8	9	12	6	2	9	4	3	7	12	11	11	8	7	8	14	14	10	21	9	6	11	11	20	10	8	5	[<65>]	14	12	18	16	7	8	10	11	8	7	4	3	4	8	11	5	8	8	17	23	18	12	19	12	14	16	19	17	13	12	16	17	10
C	8	10	10	11	12	11	9	12	11	2	15	9	6	11	12	9	7	6	10	7	5	7	8	16	16	12	9	10	8	9	9	9	14	4	6	2	8	10	12	17	8	11	6	7	9	9	13	6	15	15	13	10	4	4	7	4	10	7	5	9	6	4	3	3	2	10	7	6	9	9	12	8	8	5	5	13	11	8	15	18	15	7	7	9	8	8	[<60>]	14	15	16	11	8	8	10	5	5	6	3	4	7	7	4	3	11	6	4	9	8	9	8	12	13	11	12	10	8	6	4	5
C	9	14	11	21	15	18	13	15	18	3	6	7	7	12	10	14	8	11	7	5	2	6	11	14	9	9	11	7	5	10	13	9	6	4	3	4	7	11	12	18	13	10	12	10	16	9	17	17	14	15	11	11	3	4	10	8	6	7	9	13	11	4	3	5	5	10	10	10	10	13	9	12	17	12	6	9	6	7	17	17	22	16	4	5	5	11	16	[<60>]	25	14	10	11	14	13	10	9	5	3	4	4	6	12	4	10	11	11	12	13	19	18	16	20	15	10	11	9	9	7	3
U	10	17	25	19	25	19	14	19	20	2	7	5	4	6	13	15	13	13	11	6	4	9	15	14	9	15	11	12	9	11	12	8	10	7	3	17	9	7	10	14	11	17	13	14	10	13	20	15	17	24	9	9	13	8	3	5	6	11	15	10	15	8	4	6	2	7	10	9	11	14	15	14	14	18	13	9	9	5	8	25	17	17	6	5	5	10	13	26	[<62>]	20	8	13	13	11	15	11	5	5	5	3	5	8	7	7	8	9	8	18	16	17	29	15	22	12	10	9	11	10	7
G	14	14	14	20	16	17	20	15	21	3	8	12	4	18	14	17	17	12	11	8	8	8	17	9	8	13	14	13	10	17	14	9	6	13	6	5	7	10	10	15	13	16	13	14	13	13	16	9	20	15	16	12	11	2	5	7	9	15	15	13	9	8	4	6	4	12	16	16	12	16	15	11	15	14	10	6	16	14	21	20	21	19	4	7	6	15	17	19	20	[<52>]	20	19	14	15	10	14	12	6	8	6	8	4	12	14	12	11	12	21	19	11	18	18	22	23	17	13	12	10	11
C	7	9	15	10	11	10	13	7	8	6	5	9	3	13	14	10	11	5	5	3	7	11	11	6	7	14	12	7	7	13	12	10	6	2	5	2	8	8	8	13	11	8	8	8	7	15	9	3	24	14	11	6	6	4	5	2	8	13	13	9	6	3	3	3	3	10	13	8	8	6	12	10	11	9	7	4	11	10	12	16	15	13	2	6	6	10	9	17	11	21	[<47>]	24	15	9	7	3	2	3	3	3	6	5	9	8	11	10	7	6	9	10	12	12	17	13	11	10	6	5	2
A	7	11	10	13	14	12	13	10	14	5	7	7	3	14	13	14	12	12	4	5	4	8	11	7	10	8	14	11	11	11	12	8	6	5	3	6	7	10	10	12	11	12	13	11	9	11	13	7	16	18	10	15	9	2	3	6	8	12	14	10	9	5	3	4	4	11	11	12	11	9	15	9	9	10	9	5	9	11	14	15	16	11	3	4	2	9	10	13	16	25	22	[<44>]	23	14	10	8	5	3	6	4	6	1	11	11	9	12	10	14	13	10	12	11	14	12	19	11	7	8	10
G	7	5	8	14	13	16	16	14	8	2	6	3	4	11	17	14	12	11	8	4	4	10	11	10	6	9	10	12	9	14	11	10	7	8	5	4	4	9	4	9	11	11	8	13	10	6	14	13	16	22	10	12	9	2	3	8	9	8	16	10	8	2	3	6	4	7	11	10	11	12	11	9	7	7	7	4	8	9	11	11	17	16	7	3	1	9	10	16	18	14	11	13	[<34>]	24	12	13	5	7	7	6	7	2	5	10	10	14	12	13	17	10	7	11	14	9	11	9	11	7	9
C	5	7	11	12	17	18	10	13	13	2	4	4	3	8	11	17	11	15	9	7	5	6	10	9	5	5	6	6	9	9	12	9	8	8	3	3	4	5	6	7	9	9	10	6	10	11	10	7	7	13	17	10	7	2	2	2	8	8	8	12	9	5	3	5	3	5	8	14	10	11	13	11	9	10	15	4	10	9	11	10	15	22	6	4	4	9	7	13	13	11	7	9	15	[<32>]	22	14	4	4	4	6	7	3	8	6	10	8	11	10	11	12	10	6	12	8	10	13	9	9	8
G	3	4	8	7	9	11	12	12	13	6	4	4	4	12	6	6	12	13	13	5	7	4	7	10	3	5	6	8	7	11	12	9	10	5	4	7	3	4	7	6	9	11	12	8	10	4	11	7	5	8	10	17	8	4	5	4	8	9	9	6	12	9	3	6	3	4	9	9	11	9	8	7	8	16	17	12	7	8	7	7	8	9	3	3	2	10	7	8	11	16	6	7	9	12	[<18>]	14	15	7	9	5	8	2	5	11	7	10	8	12	11	13	10	9	10	11	13	11	13	11	11
G	1	2	4	4	5	9	11	11	13	1	2	4	4	2	6	5	4	8	10	13	4	2	3	5	2	4	5	7	6	7	10	9	9	5	6	2	1	2	7	6	9	9	12	10	5	6	9	12	4	4	10	4	14	11	4	6	8	9	6	7	5	11	2	5	3	2	3	6	4	5	4	3	5	10	9	11	4	2	3	8	7	8	3	4	4	1	4	4	6	8	5	3	4	6	4	8	[<11>]	3	9	9	10	5	6	7	7	4	7	6	8	15	12	12	8	11	10	10	11	12	8
A	4	5	4	4	5	6	10	7	15	2	2	4	1	5	4	5	8	8	11	3	4	3	4	1	4	3	3	4	5	4	6	4	6	7	5	2	9	4	4	4	6	7	10	3	6	3	8	8	7	6	10	9	4	3	2	4	6	4	4	3	4	7	7	3	4	4	2	4	5	7	7	7	4	3	6	3	4	2	2	4	3	7	2	3	1	5	4	5	5	7	4	2	3	7	7	8	9	[9]	<13>	11	4	3	5	3	6	4	4	6	7	8	8	7	9	11	9	8	6	7	13
A	2	8	7	5	6	6	8	7	3	3	6	4	4	8	2	7	9	5	4	6	8	2	6	4	4	4	3	5	5	4	7	9	9	7	1	1	4	14	7	5	13	6	12	16	11	11	4	5	5	6	7	8	5	11	2	13	6	9	5	6	8	4	2	8	5	6	5	4	8	2	3	3	6	4	8	3	4	4	2	5	5	5	4	4	2	11	4	4	5	7	3	5	4	4	5	4	4	4	[8]	<19>	14	1	7	6	6	6	8	7	5	5	3	8	4	10	7	8	10	9	5
A	7	3	8	5	4	8	7	6	5	3	3	5	10	7	2	6	4	4	4	4	8	8	3	3	1	5	3	6	11	4	5	5	7	10	4	3	5	9	7	7	9	7	6	6	6	7	9	3	5	7	3	5	6	11	3	11	11	3	8	6	5	3	4	2	10	5	9	3	6	7	4	4	7	7	5	2	5	10	6	6	7	8	5	7	4	8	5	3	6	6	6	4	5	4	5	4	4	2	6	[8]	<19>	3	9	8	7	6	9	7	9	4	5	8	5	4	5	6	8	6	4
C	12	8	12	14	11	11	13	15	15	3	5	7	5	9	11	8	8	7	10	5	3	8	9	9	6	6	11	8	5	10	8	6	5	4	4	8	9	12	13	13	12	7	7	12	10	8	8	3	12	7	12	7	4	6	3	10	10	7	7	5	8	1	3	4	4	11	11	8	8	7	8	8	12	11	4	2	9	11	10	11	10	13	6	5	4	10	7	10	10	15	9	13	10	6	6	4	6	5	3	3	5	<18>	[9]	11	10	10	8	12	11	16	18	15	11	15	8	9	6	5	1
G	9	9	9	10	11	9	10	8	7	3	5	3	3	13	9	10	9	9	5	7	2	6	7	4	6	9	13	11	13	10	13	9	7	6	5	6	12	12	11	13	14	12	10	10	11	10	9	7	8	9	11	23	14	9	2	8	9	8	10	7	5	6	3	4	4	8	14	10	10	6	11	7	10	16	17	14	8	7	7	11	12	9	4	10	2	10	7	8	9	14	13	12	12	8	5	10	4	4	3	8	9	4	16	[<29>]	12	9	12	14	17	11	13	17	12	11	11	10	8	7	3
U	7	10	9	13	13	13	14	10	9	4	4	7	4	16	9	10	8	9	8	13	4	5	8	8	10	9	13	9	10	9	10	13	5	8	4	4	7	9	10	9	15	15	14	11	11	13	17	6	10	8	14	19	17	8	3	12	12	10	11	10	9	2	4	6	3	8	11	14	10	6	12	8	11	9	13	13	14	8	10	14	18	16	7	4	1	12	8	14	7	13	10	14	11	13	17	9	4	5	7	5	8	2	12	31	[<32>]	20	14	11	15	15	17	24	17	15	13	13	11	8	7
U	7	8	9	13	13	16	18	13	12	4	5	6	16	7	11	12	15	13	9	7	10	6	10	7	5	5	12	15	11	12	16	12	11	15	4	10	9	9	10	11	18	21	16	16	13	19	16	8	13	10	12	9	13	7	3	11	14	11	11	13	9	6	4	7	4	5	8	12	12	11	12	10	8	10	8	9	25	8	10	11	12	13	2	5	2	13	11	12	15	14	10	13	14	15	11	7	5	3	8	11	10	5	11	14	42	[<41>]	18	14	12	11	13	21	16	17	15	14	14	11	9
G	8	9	11	12	13	16	17	21	14	6	4	11	8	12	8	8	15	11	8	5	16	7	8	11	8	7	10	13	13	15	15	12	9	18	1	10	12	10	11	9	15	20	21	14	14	14	13	10	16	25	7	10	8	5	8	16	20	11	12	11	8	7	4	10	4	8	7	11	13	11	13	7	9	9	9	4	13	18	7	14	9	15	7	11	4	21	11	12	13	17	13	11	15	13	12	11	4	3	10	10	13	4	12	17	24	33	[<45>]	16	19	19	15	16	15	14	23	16	15	13	9
A	9	12	7	10	13	15	17	15	13	3	6	10	6	14	13	16	10	11	7	4	16	12	7	7	5	5	5	10	16	10	9	12	12	13	9	5	12	12	11	16	16	13	18	16	19	11	11	10	11	12	7	13	9	10	9	12	20	16	14	10	10	6	3	12	5	8	6	10	10	5	7	7	12	11	10	4	8	14	14	16	15	13	4	4	6	16	12	12	14	19	14	14	11	9	8	11	4	5	8	12	8	5	11	12	13	15	26	[<56>]	19	16	11	16	13	13	15	15	13	15	11
A	12	10	10	14	13	15	18	17	14	4	4	3	7	13	14	13	13	11	13	8	10	13	8	5	5	10	6	14	15	13	10	10	10	6	8	4	13	10	12	12	18	16	18	20	13	15	14	10	18	11	14	13	9	13	5	16	11	17	14	16	10	6	4	9	8	8	8	8	10	11	11	8	11	14	11	8	8	12	12	19	16	16	5	8	3	13	8	14	19	17	12	17	17	10	8	9	8	7	7	10	12	9	11	13	15	15	21	28	[<61>]	23	19	18	16	12	13	14	11	10	12
A	13	18	19	17	21	22	22	21	23	5	4	6	6	12	13	13	15	12	11	7	12	9	9	4	8	8	12	9	11	17	17	15	14	7	2	7	9	13	12	15	12	20	20	14	16	12	16	14	16	13	19	19	12	8	8	11	17	16	10	12	9	12	4	8	4	10	11	8	9	12	12	12	15	12	14	6	11	5	13	28	23	19	8	9	9	15	5	13	17	16	9	11	14	15	12	10	10	7	11	10	9	4	7	9	12	16	21	24	29	[<62>]	28	22	18	19	21	12	15	14	14
G	18	22	22	24	19	23	22	25	17	8	7	8	7	21	8	14	11	13	10	9	2	9	13	8	10	11	13	12	13	15	24	11	7	9	2	13	15	18	17	17	18	16	18	19	10	15	17	15	17	13	27	25	13	9	9	17	13	12	10	10	4	4	2	2	2	10	14	11	10	7	14	10	12	14	13	6	16	12	12	22	27	23	8	8	6	17	12	16	15	23	11	19	12	12	14	6	11	7	8	8	10	3	13	16	14	10	20	16	19	38	[<73>]	27	22	23	15	14	12	14	5
A	18	18	18	23	27	15	23	17	24	9	6	5	5	17	15	9	15	11	10	12	5	9	18	13	12	10	16	14	14	18	19	9	8	7	3	11	13	15	14	17	18	19	14	18	23	15	18	9	16	13	18	16	13	4	8	13	14	13	14	14	9	5	3	4	2	7	14	13	11	7	13	8	11	10	16	10	14	10	15	20	25	21	5	9	8	15	12	18	18	16	12	15	17	15	18	7	5	8	12	7	9	5	13	22	19	20	18	30	19	25	36	[<64>]	23	20	19	11	12	10	7
U	14	15	12	16	20	19	21	27	25	3	7	7	13	11	16	15	10	14	12	8	7	7	17	9	18	10	10	16	13	17	15	11	13	7	6	9	15	11	13	13	15	14	18	13	17	20	17	13	23	19	13	14	11	2	2	6	10	15	11	13	10	7	3	5	2	8	10	16	15	14	13	13	8	14	17	10	13	8	17	23	18	20	11	9	5	16	16	19	24	21	9	15	14	19	14	11	9	5	11	5	8	3	12	18	22	12	14	20	19	17	25	24	[<62>]	25	19	15	13	14	11
G	12	15	15	16	17	23	23	20	21	8	8	18	7	13	17	15	16	11	13	7	13	12	14	7	9	16	14	11	10	13	18	13	17	5	5	3	22	15	14	13	12	14	21	16	12	10	14	19	17	13	16	9	12	2	3	12	14	13	10	11	9	8	5	4	4	9	9	13	11	11	13	7	10	11	16	4	21	10	13	13	20	12	9	12	2	18	6	9	14	24	14	13	9	12	13	10	11	6	8	6	8	3	15	15	19	18	13	18	14	21	26	25	27	[<67>]	20	15	16	14	13
A	12	12	15	16	18	16	26	20	23	10	12	11	7	10	9	11	14	13	10	9	9	7	14	15	4	12	19	14	16	16	15	17	11	8	6	5	10	16	13	15	15	14	21	14	11	9	16	13	16	16	18	12	7	2	3	9	13	11	12	12	8	7	4	6	2	11	9	13	12	10	15	9	7	12	9	4	13	9	13	13	15	18	7	10	2	16	11	10	12	16	11	11	12	11	9	8	7	3	13	10	7	4	11	14	13	14	17	15	15	22	21	22	19	33	[<56>]	15	13	13	16
G	11	13	11	16	13	18	27	17	22	4	5	10	10	11	11	9	9	15	14	10	8	7	13	10	7	10	11	14	11	16	16	14	12	7	4	4	5	7	17	13	12	15	15	16	12	16	12	12	14	15	14	12	8	6	2	6	13	13	11	10	9	8	4	5	4	9	14	10	13	9	11	11	7	10	10	3	7	8	10	12	17	14	6	8	9	10	7	13	13	13	9	10	10	12	8	8	6	5	11	7	6	3	9	12	13	11	10	13	11	15	15	15	16	23	22	[<48>]	24	14	14
C	12	9	8	10	16	18	20	18	18	2	8	7	14	10	8	11	11	11	9	8	9	6	6	7	4	6	10	9	8	13	16	14	13	5	3	4	2	6	8	11	13	16	13	12	9	9	18	11	7	10	17	12	13	7	2	9	12	12	11	9	9	10	4	5	4	5	13	11	15	11	12	10	10	8	12	2	6	7	6	7	10	15	9	4	4	14	9	9	14	13	7	7	10	9	11	8	8	3	9	7	11	1	7	10	13	10	13	13	10	13	10	12	15	16	23	20	[<50>]	25	14
C	5	9	6	14	12	14	14	18	16	1	6	11	7	14	10	9	14	9	9	6	11	8	7	8	6	4	6	9	13	13	15	11	17	8	3	3	4	9	6	5	13	11	17	14	14	8	10	7	9	10	10	11	13	6	4	16	16	11	9	9	10	9	3	11	3	13	7	12	14	10	9	7	9	15	8	2	4	10	5	5	11	10	4	3	1	18	4	9	12	11	8	7	8	10	7	10	4	4	9	8	7	3	6	8	12	13	14	11	9	10	9	9	15	12	19	16	20	[<42>]	19
A	3	5	5	8	8	10	10	12	17	1	4	7	2	7	6	7	10	11	7	3	10	8	6	7	3	3	4	6	8	10	10	12	14	7	1	2	7	4	3	4	8	11	12	11	10	7	11	3	5	9	6	7	7	4	3	4	13	12	8	6	10	12	4	7	4	1	5	6	8	10	9	6	6	10	10	1	4	7	5	5	5	7	2	4	3	15	5	8	9	16	6	10	7	8	6	8	4	1	4	7	5	1	4	4	10	11	13	12	10	7	3	4	9	8	15	15	16	18	[<29>]
IDENTIFIED REFERENCE SEQUENCE  GUUCUUAUCAAGAGAAGCAGAGGGACUGGCCCGACGAAGCUUCAGCAACCGGUGUAAUGGCGAAAGCCAUGACCAAGGUGCUAAAUCCAGCAAGCUCGAACAGCUUGGAAGAUAAGAAC
IDENTIFIED QUERY SEQUENCE      GGCUUAUCAAGAGAGGUGGAGGGACUGGCCCGAUGAAACCCGGCAACCAGAAAUGGUGCCAAUUCCUGCAGCGGAAACGUUGAAAGAUGAGCCA
REFERENCE                      GUUCUUAUCAAGAGAAGCAGAGGGACUGGCCCGACGAAGCUUCAGCAACCGGUGUAAUGGCGAAAGCCAUGACCAAGGUGCUAAAUCCAGCAAGCUCGAACAGCUUGGAAGAUAAGAAC
QUERY                          -GGCUUAUCAAGAGAGGUGGAGGGACUGGCCCGAUGAAA-CCCGGCAACCAG-----AAA------U---------GGUGCCAAUUCCUGCAGCG-G-AAAC-GUUGAAAGAUGAGCCA
ASTERISK                       ..*******.*.*.........*****..****..........*....**...........................*************.................**********..
ASTERISKSCORE                  0.46808510638297873
ENTROPY                        0.9828145152120061
RREF                           GUUCUUAUCAAGAGA-AGCAGAGGGACUGGCCCGACGAAGCUUCAGCAACCGGUGUAAUGGCGAAAGCCAUGACCAAGGUGCUAAAUCCAGCAAGCUCGAACAGCUUGGAAGAUAAGAAC
QREF                           -GGCUUAUCAAGA-GAGGUGGAGGGACUGGCCCGAUGAAACCC-GGCAACC----------AGAAAU----------GGUGCCAAUUCCUGCAGCG-GAAA--CGUUGAAAGAUGAGCCA
LATTICE                        -############-..########################...-#######----------......----------###################-#...--.################
LATTICESCORE                   0.8404255319148937
