RF00005	CL00001
RF00023	CL00001
RF01849	CL00001
RF01850	CL00001
RF01851	CL00001
RF01852	CL00001
RF02544	CL00001
RF00009	CL00002
RF00010	CL00002
RF00011	CL00002
RF00030	CL00002
RF00373	CL00002
RF01577	CL00002
RF02357	CL00002
RF00017	CL00003
RF00169	CL00003
RF01502	CL00003
RF01570	CL00003
RF01854	CL00003
RF01855	CL00003
RF01856	CL00003
RF01857	CL00003
RF04183	CL00003
RF00024	CL00004
RF00025	CL00004
RF01050	CL00004
RF02462	CL00004
RF00003	CL00005
RF00488	CL00005
RF00548	CL00005
RF02491	CL00005
RF00004	CL00006
RF00007	CL00006
RF00015	CL00007
RF00618	CL00007
RF00206	CL00008
RF01277	CL00008
RF00026	CL00009
RF00619	CL00009
RF00008	CL00010
RF00163	CL00010
RF02275	CL00010
RF02276	CL00010
RF02277	CL00010
RF00083	CL00011
RF00128	CL00011
RF00162	CL00012
RF00634	CL00012
RF01725	CL00012
RF00100	CL00013
RF01052	CL00013
RF01315	CL00014
RF01317	CL00014
RF01327	CL00014
RF01328	CL00014
RF01338	CL00014
RF01352	CL00014
RF01379	CL00014
RF01318	CL00015
RF01320	CL00015
RF01376	CL00015
RF01377	CL00015
RF00107	CL00016
RF00243	CL00016
RF00061	CL00017
RF00209	CL00017
RF00422	CL00018
RF00565	CL00018
RF00423	CL00019
RF00426	CL00019
RF00198	CL00020
RF00199	CL00020
RF00190	CL00021
RF00410	CL00021
RF00544	CL00021
RF01250	CL00021
RF01253	CL00021
RF01441	CL00021
RF00334	CL00022
RF01260	CL00022
RF00394	CL00023
RF01264	CL00023
RF00392	CL00024
RF01240	CL00024
RF00409	CL00025
RF01246	CL00025
RF00393	CL00026
RF01257	CL00026
RF00411	CL00027
RF01243	CL00027
RF01256	CL00027
RF01436	CL00027
RF00396	CL00028
RF01255	CL00028
RF01438	CL00028
RF00416	CL00029
RF00560	CL00029
RF00401	CL00030
RF00429	CL00030
RF00412	CL00031
RF01258	CL00031
RF01437	CL00031
RF00443	CL00032
RF00568	CL00032
RF01265	CL00032
RF01440	CL00032
RF00400	CL00033
RF00545	CL00033
RF01269	CL00033
RF00407	CL00034
RF00430	CL00034
RF00566	CL00034
RF00598	CL00034
RF00340	CL00035
RF01242	CL00035
RF01262	CL00035
RF01439	CL00035
RF00405	CL00036
RF00418	CL00036
RF01237	CL00036
RF01245	CL00036
RF00554	CL00037
RF01272	CL00037
RF00155	CL00038
RF00307	CL00038
RF00419	CL00038
RF00425	CL00038
RF01224	CL00038
RF01239	CL00038
RF01252	CL00038
RF01435	CL00038
RF00417	CL00039
RF01248	CL00039
RF00091	CL00040
RF01251	CL00040
RF01261	CL00040
RF01434	CL00040
RF00264	CL00041
RF01267	CL00041
RF00302	CL00042
RF01254	CL00042
RF01292	CL00042
RF00090	CL00043
RF01263	CL00043
RF00581	CL00044
RF01249	CL00044
RF00067	CL00045
RF01185	CL00045
RF01223	CL00045
RF01226	CL00045
RF00138	CL00046
RF01216	CL00046
RF00093	CL00047
RF01159	CL00047
RF00569	CL00048
RF01183	CL00048
RF00054	CL00049
RF01188	CL00049
RF00087	CL00050
RF00136	CL00050
RF00049	CL00051
RF00070	CL00051
RF00135	CL00051
RF00212	CL00051
RF00475	CL00051
RF00476	CL00051
RF00479	CL00051
RF00592	CL00051
RF01198	CL00051
RF01203	CL00051
RF01302	CL00051
RF00088	CL00052
RF01283	CL00052
RF00089	CL00053
RF00266	CL00053
RF01177	CL00053
RF01281	CL00053
RF00133	CL00054
RF00134	CL00054
RF00280	CL00054
RF00472	CL00054
RF00532	CL00054
RF00535	CL00054
RF01197	CL00054
RF01201	CL00054
RF00147	CL00055
RF01205	CL00055
RF00211	CL00056
RF00328	CL00056
RF01207	CL00056
RF00157	CL00057
RF00268	CL00057
RF00358	CL00057
RF00571	CL00057
RF01178	CL00057
RF01181	CL00057
RF00274	CL00058
RF00588	CL00058
RF01214	CL00058
RF00221	CL00059
RF01238	CL00059
RF00287	CL00060
RF00359	CL00060
RF00218	CL00061
RF01259	CL00061
RF00277	CL00062
RF00337	CL00062
RF01300	CL00062
RF00276	CL00063
RF00325	CL00063
RF00333	CL00063
RF01176	CL00063
RF00151	CL00064
RF00608	CL00064
RF00160	CL00065
RF00273	CL00065
RF00473	CL00065
RF00271	CL00066
RF00345	CL00066
RF00471	CL00066
RF00527	CL00066
RF01194	CL00066
RF00270	CL00067
RF01170	CL00067
RF01200	CL00067
RF00153	CL00068
RF00205	CL00068
RF01218	CL00068
RF00152	CL00069
RF00181	CL00069
RF00284	CL00069
RF00357	CL00069
RF00509	CL00069
RF00530	CL00069
RF00570	CL00069
RF01169	CL00069
RF01278	CL00069
RF00309	CL00070
RF00591	CL00070
RF02402	CL00070
RF00604	CL00071
RF01209	CL00071
RF01424	CL00071
RF00055	CL00072
RF01299	CL00072
RF00046	CL00073
RF00609	CL00073
RF00186	CL00074
RF00339	CL00074
RF00584	CL00075
RF01173	CL00075
RF00610	CL00076
RF01280	CL00076
RF00289	CL00077
RF01199	CL00077
RF00045	CL00078
RF01271	CL00078
RF01235	CL00079
RF01287	CL00079
RF00338	CL00080
RF01279	CL00080
RF00304	CL00081
RF01210	CL00081
RF01294	CL00082
RF01296	CL00082
RF00143	CL00083
RF00813	CL00083
RF00716	CL00084
RF00818	CL00084
RF00254	CL00085
RF00455	CL00085
RF00655	CL00086
RF00917	CL00086
RF00456	CL00087
RF00711	CL00087
RF00685	CL00088
RF00794	CL00088
RF02254	CL00088
RF00672	CL00089
RF00824	CL00089
RF00830	CL00090
RF00831	CL00090
RF00727	CL00091
RF00728	CL00091
RF00694	CL00092
RF00859	CL00092
RF00663	CL00093
RF00702	CL00093
RF00706	CL00093
RF00843	CL00093
RF00654	CL00094
RF00747	CL00094
RF00754	CL00095
RF00948	CL00095
RF00639	CL00096
RF00665	CL00096
RF00668	CL00096
RF01413	CL00096
RF00363	CL00097
RF00866	CL00097
RF00645	CL00098
RF00865	CL00098
RF00643	CL00099
RF00692	CL00099
RF00012	CL00100
RF01846	CL00100
RF01847	CL00100
RF01848	CL00100
RF00174	CL00101
RF01482	CL00101
RF01689	CL00101
RF01998	CL00102
RF01999	CL00102
RF02001	CL00102
RF02003	CL00102
RF02004	CL00102
RF02005	CL00102
RF02012	CL00102
RF01182	CL00103
RF01192	CL00103
RF01047	CL00104
RF01313	CL00104
RF00101	CL00105
RF00111	CL00105
RF00018	CL00106
RF00084	CL00106
RF00115	CL00106
RF00166	CL00106
RF00195	CL00106
RF01731	CL00106
RF02144	CL00106
RF02767	CL00106
RF02809	CL00106
RF00519	CL00108
RF02345	CL00108
RF00245	CL00110
RF01898	CL00110
RF00177	CL00111
RF01959	CL00111
RF01960	CL00111
RF02542	CL00111
RF02545	CL00111
RF00002	CL00112
RF02540	CL00112
RF02541	CL00112
RF02543	CL00112
RF02546	CL00112
RF00001	CL00113
RF02547	CL00113
RF00616	CL00114
RF01457	CL00114
RF01469	CL00114
RF02914	CL00115
RF03081	CL00115
RF03116	CL00116
RF03117	CL00116
RF03118	CL00116
RF03119	CL00116
RF03120	CL00116
RF00164	CL00117
RF00165	CL00117
RF03121	CL00117
RF03122	CL00117
RF03123	CL00117
RF03124	CL00117
RF03125	CL00117
RF03128	CL00118
RF03129	CL00118
RF03156	CL00118
RF03157	CL00118
RF03158	CL00118
RF03133	CL00119
RF03139	CL00119
RF03140	CL00119
RF03141	CL00119
RF02684	CL00120
RF03154	CL00120
RF03160	CL00120
RF00114	CL00121
RF03137	CL00121
RF03143	CL00121
RF03161	CL00121
RF02683	CL00122
RF03164	CL00122
RF00167	CL00123
RF01510	CL00123
RF03165	CL00123
RF03155	CL00124
RF03162	CL00124
RF00504	CL00125
RF03166	CL00125
RF01051	CL00126
RF03167	CL00126
RF03168	CL00126
RF01786	CL00127
RF03169	CL00127
RF01695	CL00128
RF02944	CL00128
RF03163	CL00128
RF00617	CL00129
RF02340	CL00129
RF03546	CL00129
